<?xml version="1.0" encoding="UTF-8"?>
<!DOCTYPE mapper
PUBLIC "-//mybatis.org/DTD Mapper 3.0//EN"
"http://mybatis.org/dtd/mybatis-3-mapper.dtd">
<mapper namespace="com.mapper.UserMapper">

	<insert id="insert" parameterType="user">
		INSERT INTO T_USER VALUES 
		(#{id},#{pwd},#{email},#{nickname},#{icon},#{admin});
	</insert>
	<update id="update" parameterType="user">
		UPDATE T_USER SET PWD=#{pwd},EMAIL=#{email},NICKNAME=#{nickname},ICON=#{icon},ADMIN=#{admin}  WHERE ID=#{id};
	</update>
	<delete id="delete" parameterType="String">
		DELETE FROM T_USER WHERE ID=#{obj};
	</delete>
	<select id="select" parameterType="String" 
	resultType="user">
	SELECT * FROM T_USER WHERE ID=#{obj};
		
	</select>
	<select id="selectall" resultType="user">
	
		SELECT * FROM T_USER; 
	</select>
</mapper>






